{
  "fill-specializations" : [
    {
      "value" : {
        "linear-gradient" : [
          "display-p3:0.00861,0.00014,0.06291,1.00000",
          "display-p3:0.00106,0.00000,0.03730,1.00000"
        ],
        "orientation" : {
          "start" : {
            "x" : 0.5,
            "y" : 0
          },
          "stop" : {
            "x" : 0.5,
            "y" : 0.7
          }
        }
      }
    },
    {
      "appearance" : "dark",
      "value" : {
        "solid" : "extended-gray:0.00000,1.00000"
      }
    }
  ],
  "groups" : [
    {
      "layers" : [
        {
          "blend-mode" : "lighten",
          "glass" : false,
          "hidden" : true,
          "image-name" : "Face ID Symbol.svg",
          "name" : "Face ID Symbol",
          "position" : {
            "scale" : 12.5,
            "translation-in-points" : [
              0,
              0
            ]
          }
        },
        {
          "blend-mode-specializations" : [
            {
              "value" : "overlay"
            },
            {
              "appearance" : "tinted",
              "value" : "multiply"
            }
          ],
          "fill-specializations" : [
            {
              "value" : "none"
            },
            {
              "appearance" : "tinted",
              "value" : "none"
            }
          ],
          "glass" : true,
          "hidden" : false,
          "image-name" : "face22.svg",
          "name" : "face22",
          "position" : {
            "scale" : 10,
            "translation-in-points" : [
              -145,
              135.235
            ]
          }
        },
        {
          "blend-mode-specializations" : [
            {
              "value" : "overlay"
            },
            {
              "appearance" : "tinted",
              "value" : "multiply"
            }
          ],
          "fill-specializations" : [
            {
              "value" : "none"
            },
            {
              "appearance" : "tinted",
              "value" : "none"
            }
          ],
          "glass" : true,
          "hidden" : true,
          "image-name" : "face22.svg",
          "name" : "face22",
          "position" : {
            "scale" : 9.99,
            "translation-in-points" : [
              -82.6171875,
              19.531875000000014
            ]
          }
        }
      ],
      "shadow" : {
        "kind" : "neutral",
        "opacity" : 0.5
      },
      "translucency" : {
        "enabled" : true,
        "value" : 0.5
      }
    }
  ],
  "supported-platforms" : {
    "circles" : [
      "watchOS"
    ],
    "squares" : "shared"
  }
}